Product Title,Brand Name
REX IODIZED SALT 26oz 737g,Rex
POP TOYS ALBERTS ALL NEW TOYS 4TH SERIES  ARTIFICIALLY FLAVORED 0.88oz 25g SOLD EACH,ALBERTS
NUTELLA FERRERO HAZELNUT SPREAD WITH COCOA 7.7oz 220g,FERRERO
KIT KAT SHARE MINIATURES 10.1oz 286g,KIT KAT
BRAGG ORGANIC RAW UNFILTERED APPLE CIDER VINEGAR 16oz 473ml,Bragg
LEE KUM KEE PANDA BRAND SWEET & SPICY GRILLING & DIPPING SAUCE 15oz 425g,Lee Kum Kee
LIBBY'S CREAM STYLE CORN 14.75oz 418g,Libby's
HERSHEY'S KISSES MILK CHOCOLATE 1.55oz 43g,Hershey's
LEE KUM KEE PANDA BRAND LEMON PEPPER GRILLING & DIPPING SAUCE 15oz 425g,Lee Kum Kee
LEE KUM KEE HOISIN SAUCE 20oz (1lb 4oz) 567g,Lee Kum Kee
LEE KUM KEE PANDA BRAND OYSTER FLAVORED SAUCE 9oz 255g,Lee Kum Kee
LEE KUM KEE PANDA BRAND OYSTER FLAVORED SAUCE 18oz (1lb 2oz) 510g,Lee Kum Kee
LEE KUM KEE SWEET SOY SAUCE 14oz 410ml,Lee Kum Kee
LEE KUM KEE THAI STYLE SWEET CHILI SAUCE 18oz (1lb 2oz) 510g,Lee Kum Kee
LEE KUM KEE PEANUT FLAVORED SAUCE  8oz 226g,Lee Kum Kee
LEE KUM KEE CHILI GARLIC SAUCE 8oz 226g,Lee Kum Kee
LEE KUM KEE MINCED GARLIC 7.5oz 213g,Lee Kum Kee
LEE KUM KEE PAD THAI SAUCE 8.8oz 250g,Lee Kum Kee
LEE KUM KEE BLACK PEPPER SAUCE 8.1oz 230g,Lee Kum Kee
LEE KUM KEE SHRIMP SAUCE (FINELY GROUND) MAM TOM 8oz 227g,Lee Kum Kee
LIBBY'S WHOLE KERNEL SWEET CORN 15.25oz 432g,Libby's
HERSHEY'S SYRUP INDULGENT CARAMEL FLAVOR 22oz 623g,Hershey's
HERSHEY'S COCOA 100% CACAO NATURAL UNSWEETENED 8oz 226g,Hershey's
LEE KUM KEE CHINESE MARINADE 14oz 410ml,Lee Kum Kee
LIBBY'S CLASSIC MAYONNAISE 30oz 887ml,Libby's
SNICKERS ALMOND BAR 1.76oz 49.9g,Snickers
SNICKERS BAR 1.86oz 52.7g,Snickers
HERSHEY'S BAKING SEMI-SWEET CHOCOLATE CHIPS 12oz 340g,Hershey's
LEE KUM KEE SUPREME SOY SAUCE 5.1oz,Lee Kum Kee
HERSHEY'S MINIATURES CHOCOLATE CANDY 8oz 226g,Hershey's
PEPPERIDGE FARM GOLDFISH COLORS SOURCED FROM PLANTS BAKED SNACK CRACKERS CHEDDAR 6.6oz 187g,Pepperidge Farm
PEPPERIDGE FARM GOLDFISH ORIGINAL BAKED SNACK CRACKERS 6.6oz 187g,Pepperidge Farm
PEPPERIDGE FARM GOLDFISH FLAVOR BLASTED XTRA CHEDDAR BAKED SNACK CRACKERS 6.6oz 187g,Pepperidge Farm
PEPPERIDGE FARM STRAWBERRY SWEET & SIMPLE 6.75oz 191g,Pepperidge Farm
PEPPERIDGE FARM TAHOE MILK CHOCOLATE MACADAMIA 7.2oz 204g,Pepperidge Farm
PEPPERIDGE FARM NANTUCKET DARK CHOCOLATE 7.2oz 204g,Pepperidge Farm
PEPPERIDGE FARM DOUBLE CHOCOLATE NANTUCKET DARK CHOCOLATE 7.75oz 220g,Pepperidge Farm
PEPPERIDGE FARM CAPTIVA DARK CHOCOLATE SOFT BAKED 8.6oz 244g,Pepperidge Farm
PEPPERIDGE FARM MILANO MILK CHOCOLATE 6oz 170g,Pepperidge Farm
PEPPERIDGE FARM MILANO DOUBLE DARK CHOCOLATE 7.5oz 213g,Pepperidge Farm
PEPPERIDGE FARM MILANO RASPBERRY CHOCOLATE 7oz 198g,Pepperidge Farm
WONDERFUL PISTACHIOS ROASTED & SALTED 8oz 227g,Wonderful
WONDERFUL PISTACHIOS ROASTED & SALTED 5oz 141g,Wonderful
LEE KUM KEE SELECTED FIVE SPICES MARINADE 14oz 410ml,Lee Kum Kee
IMPERIAL NUTS ROASTED MIXED NUTS LIGHTLY SALTED 8oz 227g,Imperial Nuts
ORTEGA TACO SAUCE ORIGINAL THICK AND SMOOTH HOT 8oz 226g,Ortega
ROLAND AGAR AGAR STRIPS 3oz 85g,Roland (Foods)
IMPERIAL NUTS ROASTED WHOLE CASHEWS SALTED 8oz 227g,Imperial Nuts
MRS DASH ORIGINAL SEASONING BLEND 6.75oz 191g,Mrs Dash
MRS DASH GARLIC & HERB SEASONING BLEND 6.75oz 191g,Mrs Dash
IMPERIAL NUTS ROASTED ALMONDS SALTED 8oz 227g,Imperial Nuts
IMPERIAL NUTS HONEY ROASTED PEANUTS 9oz 255g,Imperial Nuts
IMPERIAL NUTS ROASTED CASHEWS HALVES & PIECES SALTED 7oz 198g,Imperial Nuts
IMPERIAL NUTS ROASTED MIXED NUTS SALTED 8oz 227g,Imperial Nuts
IMPERIAL NUTS ROASTED PEANUTS SALTED 9oz 255g,Imperial Nuts
ROLAND BLACK MOUNT PELION OLIVES 6.7oz 190g,Roland (Foods)
ROLAND GREEN MOUNT PELION OLIVES 6.7oz 190g,Roland (Foods)
ROLAND PLUM SAUCE 7.4oz 210g,Roland (Foods)
LIBBY'S TOMATO SAUCE RICH 8oz 227g,Libby's
ROLAND CHICK PEAS GARBANZOS 15.5oz 439g,Roland (Foods)
ROLAND RED KIDNEY BEANS 15.5oz 439g,Roland (Foods)
OCEAN SPRAY JELLIED CRANBERRY SAUCE 14oz 397g,Best Value (Food)
BEST VALUE FROSTED CORN FLAKES 18oz 510g,Best Value (Food)
BEST VALUE CORN FLAKES 18oz 510g,Best Value (Food)
BEST VALUE APPLE JUICE 64oz 1.89L,Best Value (Food)
ROLAND PEELED & PITTED LONGANS IN HEAVY SYRUP 20oz 567g,Roland (Foods)
ROLAND COCONUT MILK 13.52oz 400ml,Roland (Foods)
LIBBY'S YELLOW MUSTARD 8oz 227g,Libby's
ROLAND LITE COCONUT MILK 13.5oz 400ml,Roland (Foods)
ROLAND BLACK BEANS 15.5oz 439g,Roland (Foods)
LIBBY'S MIXED VEGETABLES 8.5oz 241g,Libby's
LIBBY'S TOMATO DICED ORIGINAL 14.5oz 411g,Libby's
LIBBY'S TOMATO SAUCE RICH 15oz 425g,Libby's
LIBBY'S FRUIT COCKTAIL IN HEAVY SYRUP 15oz 425g,Libby's
CREAM OF WHEAT 2 1/2 MINUTE COOK TIME 12oz 340g,Cream Of Wheat
CREAM OF WHEAT INSTANT CINNA-APPLE WALNUT WITH REAL APPLES 7.38oz 210g,Cream Of Wheat
CREAM OF WHEAT INSTANT MAPLE BROWN SUGAR WITH REAL WALNUTS 7.38oz 210g,Cream Of Wheat
LEE KUM KEE PANDA BRAND SAUCE FOR TRIPLE CITRUS GRILLING & DIPPING SAUCE 16.4oz 465g,Lee Kum Kee
LEE KUM KEE PANDA BRAND SAUCE FOR ORANGE CHICKEN 16.4oz 465g,Lee Kum Kee
LEE KUM KEE ALL PURPOSE MARINADE 14oz 410ml,Lee Kum Kee
LEE KUM KEE VEGETARIAN STIR-FRY SAUCE 18oz 510g,Lee Kum Kee
LEE KUM KEE GLUTEN FREE SOY SAUCE 5.1oz 150ml,Lee Kum Kee
LEE KUM KEE LESS SODIUM SOY SAUCE 16.9oz 500ml,Lee Kum Kee
LEE KUM KEE SUPREME SOY SAUCE 16.9oz 500ml,Lee Kum Kee
LEE KUM KEE SOY SAUCE 16.9oz 500ml,Lee Kum Kee
LEE KUM KEE PREMIUM DARK SOY SAUCE 16.9oz 500ml,Lee Kum Kee
LEE KUM KEE GLUTEN FREE SOY SAUCE 16.9oz 500ml,Lee Kum Kee
LEE KUM KEE PREMIUM SOY SAUCE 16.9oz 500ml,Lee Kum Kee
BEST VALUE CRANBERRY JUICE COCKTAIL 64oz 1.89L,Best Value (Food)
ROLAND EXTRA VIRGIN OLIVE OIL PACKED IN ITALY 67.6oz 2L,Roland (Foods)
ROLAND EXTRA VIRGIN OLIVE OIL PACKED IN ITALY 33.8oz 1L,Roland (Foods)
REX LEMON FLAVORED BLEND 32oz 946ml,Rex
ROLAND HOISIN SAUCE 12.6oz 360g,Roland (Foods)
ROLAND PANKO BREAD CRUMBS WHOLE WHEAT 7oz 198.4g,Roland (Foods)
LIBBY'S TOMATO KETCHUP 24oz 680g,Libby's
LEE KUM KEE BROWN BRAISING SAUCE 14oz 410ml,Lee Kum Kee
CREAM OF WHEAT INSTANT CINNABON 12.3oz 350g,Cream Of Wheat
HY-TOP BROWNIE MIX FUDGE 18.3oz 519g,HY-TOP
CREAM OF WHEAT INSTANT VARIETY PACK 11.4oz 322g,Cream Of Wheat
LIBBY'S CLASSIC MAC & CHEESE 6.25oz 177g,Libby's
